Question,Answer
hello,Hello! How can I assist you today?');
hi,Hello! How can I assist you today?');
what do you offer,I can assist with booking services and general queries.
bye,Goodbye! Take care!
can you book a Turf for me,Absolutely! Let me know the date and time.
How do I book a turf?,"You can book a turf by visiting our booking page on the website or app, selecting the date, time, and type of turf you need, and completing the payment."
Is it possible to book a turf for a specific date?,"Yes, you can choose a specific date when booking. The available time slots for the selected day will be displayed."
How can I check availability for a specific turf?,You can check availability by selecting the turf type and preferred date on our booking page. The system will show you available time slots.
Can I cancel my turf booking?,"Yes, you can cancel your booking through the 'Manage Booking' section of our website or by contacting our support team. Cancellation fees may apply."
"Can I book a turf for a specific sport (e.g., soccer)?","Yes, we have turf available for various sports such as soccer, cricket, football, and more. Choose the appropriate sport when making the booking."
Do I need to pay in advance for booking a turf?,"Yes, full payment is required at the time of booking to confirm your reservation. We accept multiple payment methods like credit cards and online payments."
How do I know if my turf booking is confirmed?,You will receive a confirmation email and a booking receipt after your payment is successful. You can also view the details in your booking account.
Can I change the time or date of my turf booking?,"Yes, you can modify your booking, including changing the date and time, through the 'Manage Booking' section on our website or by contacting our support team."
Can I book multiple time slots for the same day?,"Yes, you can book multiple time slots for the same day, but each slot must be available. If the turf is fully booked, you will be notified."
What do I do if I see no available slots for my preferred date?,"If no slots are available for your preferred date, you can choose another date, or you can join the waiting list to be notified if a slot opens up."
Can I book a turf for a group event?,"Yes, you can book a turf for group events like tournaments, corporate events, or parties. Please contact us for special rates and arrangements."
How much does it cost to book a turf?,"The cost depends on the turf type, duration, and time of day. You can view the pricing details on the booking page before confirming your reservation."
Are there any discounts for regular bookings?,"Yes, we offer discounts for frequent users or long-term bookings. Please check our website for any ongoing promotions or contact us for more details."
Can I rent equipment for the turf?,"Yes, you can rent sports equipment like soccer balls, nets, and other gear when booking a turf. Equipment rental options will be displayed during booking."
Do you offer lighting for night bookings?,"Yes, we offer lighting for evening and night bookings. The availability of lighting will be shown when you select the time and date for your turf."
Can I bring my own equipment?,"Yes, you can bring your own sports equipment. However, please make sure it's suitable for the turf and complies with our facility rules."
What should I do if I arrive late for my turf booking?,"If you are running late, please inform us in advance. Your booking will be held for a limited time, but it's best to notify us to avoid losing your slot."
Can I book multiple turfs for an event?,"Yes, you can book multiple turfs for large events or tournaments. Contact our team for help with group bookings and special requirements."
Is there a minimum booking duration?,"Yes, the minimum booking duration is usually 1 hour. However, during peak hours, the minimum duration may be extended. This will be displayed when booking."
What if I need to cancel my booking last minute?,Cancellations made less than 24 hours before the booking time may incur a penalty. Please check our cancellation policy for more details.
How do I book a turf for a regular slot?,You can book recurring slots for regular events like training sessions. Use our 'Repeat Booking' feature or contact us to arrange a schedule.
Do you provide turf maintenance services?,"Yes, we ensure the turf is well-maintained and ready for use. If you notice any issues, please report them to our team for quick resolution."
Can I book a turf for a children's event?,"Yes, our turfs can be booked for children’s sports events or parties. We also offer age-appropriate equipment for kids."
Are there any age restrictions for turf bookings?,"There are no specific age restrictions for turf bookings. However, some turfs may be designated for particular age groups depending on the sport."
How do I know if the turf is suitable for my event?,"Each turf has specifications (e.g., sport type, surface material, capacity). You can find this information on our website or contact us for assistance."
Can I book a turf without paying immediately?,"Some booking options may allow you to book and pay later, but to confirm your reservation, full payment is required. Please check the payment options during booking."
How far in advance can I book a turf?,You can typically book a turf up to 30 days in advance. Some locations may allow longer advance bookings. Check the booking system for specific limits.
Can I book the turf for an event on a public holiday?,"Yes, you can book the turf for public holidays. However, availability might be limited, so it's best to book in advance for these dates."
How can I check my turf booking details?,You can check your booking details by logging into your account on our website or app. Go to 'My Bookings' or 'Booking History' to view the information.
I received a booking confirmation. What does it mean?,"A booking confirmation means your reservation is successful. You will receive a confirmation email with all the booking details, including time and turf type."
Can I check my booking status without an account?,"Yes, you can check your booking status by using the booking reference number provided in your confirmation email, without needing to create an account."
How do I select the time for my turf booking?,"During the booking process, you can choose your preferred time slot based on availability. The system will show you available times for the selected date."
Is there a limit to how many hours I can book the turf?,There may be a maximum number of hours you can book based on the turf’s availability. You can check available booking hours during the reservation process.
Can I change the time slot after confirming my booking?,"Yes, you can change the time slot, provided the new time is available. You can modify your booking through the 'Manage Booking' option or contact support."
What if I don't receive a booking confirmation email?,"If you don’t receive a confirmation email, please check your spam folder. If it’s not there, contact our support team with your booking details."
What does 'Pending' status mean for my booking?,'Pending' means your booking is not yet confirmed due to pending payment or some other requirement. Complete the payment or check the reason for pending status.
How do I know if my payment went through?,"After completing your payment, you will receive a payment receipt or confirmation on your screen. You will also get a confirmation email."
Why is my payment showing as unsuccessful?,"If your payment is unsuccessful, please check if your payment method has sufficient funds or if there was a connection issue. You can try again or contact support for assistance."
How can I modify my booking if I've already paid?,"If you have already paid, you can modify your booking by going to the 'Manage Booking' section, or contact support to assist you with the changes."
How can I request an invoice for my turf booking?,You can request an invoice by contacting our customer service or by downloading it from the 'My Bookings' section after completing the payment.
Can I book a turf using a promo code or voucher?,"Yes, if you have a promo code or voucher, you can enter it during the payment process to apply the discount."
